Name1,Soundex1,Metaphone1,Caverphone1,Name2,Soundex2,Metaphone2,Caverphone2,SoundexSame,MetaphoneSame,CaverphoneSame
abernathy,A165,ABRN0,APNTA11111,abernethy,A165,ABRN0,APNTA11111,1,1,1
abernethie,A165,ABRN0,APNTA11111,abernethy,A165,ABRN0,APNTA11111,1,1,1
ailen,A450,ALN,ALN1111111,allen,A450,ALN,ALN1111111,1,1,1
aldridge,A436,ALTRJ,ATRK111111,eldridge,E436,ELTRJ,ATRK111111,0,0,1
allan,A450,ALN,ALN1111111,allen,A450,ALN,ALN1111111,1,1,1
andersen,A536,ANTRSN,ANTSN11111,anderson,A536,ANTRSN,ANTSN11111,1,1,1
anderson,A536,ANTRSN,ANTSN11111,andorson,A536,ANTRSN,ANTSN11111,1,1,1
applegart,A142,APLKRT,APLKT11111,applegarth,A142,APLKR0,APLKT11111,1,0,1
arnal,A654,ARNL,ANA1111111,arnel,A654,ARNL,ANA1111111,1,1,1
bail,B400,BL,PA11111111,ball,B400,BL,PA11111111,1,1,1
bailer,B460,BLR,PLA1111111,bailey,B400,BL,PLA1111111,0,0,1
bailey,B400,BL,PLA1111111,baley,B400,BL,PLA1111111,1,1,1
bailey,B400,BL,PLA1111111,baylee,B400,BL,PLA1111111,1,1,1
bain,B500,BN,PN11111111,paine,P500,PN,PN11111111,0,0,1
barclay,B624,BRKL,PKLA111111,barkla,B624,BRKL,PKLA111111,1,1,1
barlthrop,B643,BRL0RP,PTRP111111,barltrop,B643,BRLTRP,PTRP111111,1,0,1
barnett,B653,BRNT,PNT1111111,burnett,B653,BRNT,PNT1111111,1,1,1
barratt,B630,BRT,PRT1111111,barrett,B630,BRT,PRT1111111,1,1,1
barrie,B600,BR,PRA1111111,birrell,B640,BRL,PRA1111111,0,0,1
barwick,B620,BRWK,PWK1111111,berwick,B620,BRWK,PWK1111111,1,1,1
bell,B400,BL,PA11111111,bull,B400,BL,PA11111111,1,1,1
bellet,B430,BLT,PLT1111111,bellett,B430,BLT,PLT1111111,1,1,1
bennet,B530,BNT,PNT1111111,bennett,B530,BNT,PNT1111111,1,1,1
bennie,B500,BN,PNA1111111,bernie,B650,BRN,PNA1111111,0,0,1
bernie,B650,BRN,PNA1111111,binnie,B500,BN,PNA1111111,0,0,1
berry,B600,BR,PRA1111111,perry,P600,PR,PRA1111111,0,0,1
beven,B150,BFN,PFN1111111,bevin,B150,BFN,PFN1111111,1,1,1
black,B420,BLK,PLK1111111,blake,B420,BLK,PLK1111111,1,1,1
blakeley,B424,BLKL,PLKLA11111,blakely,B424,BLKL,PLKLA11111,1,1,1
bouchor,B260,BXR,PKA1111111,boutcher,B326,BXR,PKA1111111,0,1,1
brand,B653,BRNT,PRNT111111,brandt,B653,BRNTT,PRNT111111,1,0,1
brock,B620,BRK,PRK1111111,brook,B620,BRK,PRK1111111,1,1,1
brockie,B620,BRK,PRKA111111,brooke,B620,BRK,PRK1111111,1,1,0
brook,B620,BRK,PRK1111111,brooke,B620,BRK,PRK1111111,1,1,1
brown,B650,BRN,PRN1111111,browne,B650,BRN,PRN1111111,1,1,1
bruten,B635,BRTN,PRTN111111,bruton,B635,BRTN,PRTN111111,1,1,1
bulger,B426,BLJR,PKA1111111,burger,B626,BRJR,PKA1111111,0,0,1
burgess,B622,BRJS,PKS1111111,purches,P622,PRXS,PKS1111111,0,0,1
buttermore,B365,BTRMR,PTMA111111,buttimore,B356,BTMR,PTMA111111,0,0,1
calder,C436,KLTR,KTA1111111,carder,C636,KRTR,KTA1111111,0,0,1
caley,C400,KL,KLA1111111,carley,C640,KRL,KLA1111111,0,0,1
callaghan,C425,KLN,KLKN111111,callighan,C425,KLN,KLKN111111,1,1,1
callander,C453,KLNTR,KLNTA11111,callender,C453,KLNTR,KLNTA11111,1,1,1
carruthers,C636,KR0RS,KRTS111111,caruthers,C636,KR0RS,KRTS111111,1,1,1
carside,C623,KRST,KST1111111,cassidy,C230,KST,KSTA111111,0,0,0
carside,C623,KRST,KST1111111,garside,G623,KRST,KST1111111,0,1,1
case,C200,KS,KS11111111,casey,C200,KS,KSA1111111,1,1,0
cassells,C242,KSLS,KSS1111111,cassels,C242,KSLS,KSS1111111,1,1,1
chaplain,C145,XPLN,KPLN111111,chaplin,C145,XPLN,KPLN111111,1,1,1
chrisp,C621,KRSP,KRSP111111,crisp,C621,KRSP,KRSP111111,1,1,1
chronican,C652,KRNKN,KRNKN11111,chronichan,C652,KRNXN,KRNKN11111,1,0,1
clark,C462,KLRK,KLK1111111,clarke,C462,KLRK,KLK1111111,1,1,1
clent,C453,KLNT,KLNT111111,clint,C453,KLNT,KLNT111111,1,1,1
coates,C320,KTS,KTS1111111,coats,C320,KTS,KTS1111111,1,1,1
conheady,C530,KNHT,KNTA111111,kennedy,K530,KNT,KNTA111111,0,0,1
connell,C540,KNL,KNA1111111,cornell,C654,KRNL,KNA1111111,0,0,1
connolly,C540,KNL,KNLA111111,conolly,C540,KNL,KNLA111111,1,1,1
cook,C200,KK,KK11111111,cooke,C200,KK,KK11111111,1,1,1
corcoran,C626,KRKRN,KKRN111111,corkran,C626,KRKRN,KKRN111111,1,1,1
cosegrove,C226,KSKRF,KSKRF11111,cosgrove,C261,KSKRF,KSKRF11111,0,1,1
coulter,C436,KLTR,KTA1111111,courter,C636,KRTR,KTA1111111,0,0,1
coupar,C160,KPR,KPA1111111,couper,C160,KPR,KPA1111111,1,1,1
craig,C620,KRK,KRK1111111,craik,C620,KRK,KRK1111111,1,1,1
craig,C620,KRK,KRK1111111,graig,G620,KRK,KRK1111111,0,1,1
crammond,C655,KRMNT,KRMNT11111,cramond,C655,KRMNT,KRMNT11111,1,1,1
crawford,C616,KRFRT,KRFT111111,crawfurd,C616,KRFRT,KRFT111111,1,1,1
cress,C620,KRS,KRS1111111,cruse,C620,KRS,KRS1111111,1,1,1
crosbie,C621,KRSB,KRSPA11111,crosby,C621,KRSB,KRSPA11111,1,1,1
crossan,C625,KRSN,KRSN111111,crossian,C625,KRSN,KRSN111111,1,1,1
cubbins,C152,KBNS,KPNS111111,gubbins,G152,KBNS,KPNS111111,0,1,1
culsey,C420,KLS,KSA1111111,cursey,C620,KRS,KSA1111111,0,0,1
cunhingham,C552,KNHNM,KNNM111111,cunningham,C552,KNNM,KNNM111111,1,0,1
curran,C650,KRN,KRN1111111,curren,C650,KRN,KRN1111111,1,1,1
daly,D400,TL,TLA1111111,dely,D400,TL,TLA1111111,1,1,1
davany,D150,TFN,TFNA111111,devaney,D150,TFN,TFNA111111,1,1,1
daveis,D120,TFS,TFS1111111,davies,D120,TFS,TFS1111111,1,1,1
davies,D120,TFS,TFS1111111,davis,D120,TFS,TFS1111111,1,1,1
davis,D120,TFS,TFS1111111,davys,D120,TFS,TFS1111111,1,1,1
delaney,D450,TLN,TLNA111111,delany,D450,TLN,TLNA111111,1,1,1
delargey,D462,TLRJ,TLKA111111,delargy,D462,TLRJ,TLKA111111,1,1,1
denfold,D514,TNFLT,TNFT111111,denford,D516,TNFRT,TNFT111111,0,0,1
dickison,D225,TKSN,TKSN111111,dickson,D250,TKSN,TKSN111111,0,1,1
dillan,D450,TLN,TLN1111111,dillon,D450,TLN,TLN1111111,1,1,1
dockworth,D263,TKWR0,TKWT111111,duckworth,D263,TKWR0,TKWT111111,1,1,1
dodd,D300,TT,TT11111111,todd,T300,TT,TT11111111,0,1,1
donne,D500,TN,TN11111111,dunne,D500,TN,TN11111111,1,1,1
dougal,D240,TKL,TKA1111111,dougall,D240,TKL,TKA1111111,1,1,1
douglas,D242,TKLS,TKLS111111,douglass,D242,TKLS,TKLS111111,1,1,1
dreaver,D616,TRFR,TRFA111111,dreavor,D616,TRFR,TRFA111111,1,1,1
dreaver,D616,TRFR,TRFA111111,droaver,D616,TRFR,TRFA111111,1,1,1
dunn,D500,TN,TN11111111,dunne,D500,TN,TN11111111,1,1,1
eagan,E250,EKN,AKN1111111,egan,E250,EKN,AKN1111111,1,1,1
eagar,E260,EKR,AKA1111111,eager,E260,EJR,AKA1111111,1,0,1
easson,E250,ESN,ASN1111111,essson,E250,ESN,ASN1111111,1,1,1
elliis,E420,ELS,ALS1111111,ellis,E420,ELS,ALS1111111,1,1,1
emerson,E562,EMRSN,AMSN111111,emmerson,E562,EMRSN,AMSN111111,1,1,1
fahey,F000,FH,FA11111111,fahy,F000,F,FA11111111,1,0,1
fail,F400,FL,FA11111111,fall,F400,FL,FA11111111,1,1,1
fail,F400,FL,FA11111111,vial,V400,FL,FA11111111,0,1,1
fairbairn,F616,FRBRN,FPN1111111,fairburn,F616,FRBRN,FPN1111111,1,1,1
faithful,F314,F0FL,FTFA111111,faithfull,F314,F0FL,FTFA111111,1,1,1
farminger,F655,FRMNJR,FMNKA11111,furminger,F655,FRMNJR,FMNKA11111,1,1,1
farry,F600,FR,FRA1111111,ferry,F600,FR,FRA1111111,1,1,1
feil,F400,FL,FA11111111,fell,F400,FL,FA11111111,1,1,1
fennessey,F520,FNS,FNSA111111,fennessy,F520,FNS,FNSA111111,1,1,1
fiddes,F320,FTS,FTS1111111,fiddis,F320,FTS,FTS1111111,1,1,1
fielden,F435,FLTN,FTN1111111,fielder,F436,FLTR,FTA1111111,0,0,0
findlay,F534,FNTL,FNTLA11111,findley,F534,FNTL,FNTLA11111,1,1,1
fitzpatric,F321,FTSPTRK,FTSPTRK111,fitzpatrick,F321,FTSPTRK,FTSPTRK111,1,1,1
fraer,F660,FRR,FRA1111111,fraher,F660,FRHR,FRA1111111,1,0,1
fullarton,F463,FLRTN,FLTN111111,fullerton,F463,FLRTN,FLTN111111,1,1,1
gailichan,G425,KLXN,KLKN111111,gallichan,G425,KLXN,KLKN111111,1,1,1
galbraith,G416,KLBR0,KPRT111111,gallbraith,G416,KLBR0,KPRT111111,1,1,1
gallanders,G453,KLNTRS,KLNTS11111,gillanders,G453,JLNTRS,KLNTS11111,1,0,1
gallaway,G400,KLW,KLWA111111,galloway,G400,KLW,KLWA111111,1,1,1
garcho,G620,KRX,KKA1111111,garchow,G620,KRX,KKA1111111,1,1,1
garret,G630,KRT,KRT1111111,garrett,G630,KRT,KRT1111111,1,1,1
geddes,G320,JTS,KTS1111111,geddis,G320,JTS,KTS1111111,1,1,1
george,G620,JRJ,KK11111111,gorge,G620,KRJ,KK11111111,1,0,1
georgeison,G622,JRJSN,KKSN111111,georgeson,G622,JRJSN,KKSN111111,1,1,1
gillespie,G421,JLSP,KLSPA11111,gillispie,G421,JLSP,KLSPA11111,1,1,1
gilmore,G456,JLMR,KMA1111111,gilmour,G456,JLMR,KMA1111111,1,1,1
glendining,G453,KLNTNNK,KLNTNNK111,glendinnin,G453,KLNTNN,KLNTNN1111,1,0,0
glendining,G453,KLNTNNK,KLNTNNK111,glendinning,G453,KLNTNNK,KLNTNNK111,1,1,1
gray,G600,KR,KRA1111111,grey,G600,KR,KRA1111111,1,1,1
greeves,G612,KRFS,KRFS111111,greves,G612,KRFS,KRFS111111,1,1,1
greig,G620,KRK,KRK1111111,grig,G620,KRK,KRK1111111,1,1,1
greig,G620,KRK,KRK1111111,grigg,G620,KRK,KRK1111111,1,1,1
griffiths,G613,KRF0S,KRFTS11111,griffths,G613,KRF0S,KRFTS11111,1,1,1
gubbins,G152,KBNS,KPNS111111,gulbins,G415,KLBNS,KPNS111111,0,0,1
haddon,H350,HTN,ATN1111111,hayden,H350,HTN,ATN1111111,1,1,1
hal,H400,HL,AA11111111,hall,H400,HL,AA11111111,1,1,1
hall,H400,HL,AA11111111,hay,H000,H,AA11111111,0,0,1
hall,H400,HL,AA11111111,hill,H400,HL,AA11111111,1,1,1
hanley,H540,HNL,ANLA111111,hanly,H540,HNL,ANLA111111,1,1,1
hannagan,H525,HNKN,ANKN111111,hannigan,H525,HNKN,ANKN111111,1,1,1
hannan,H550,HNN,ANN1111111,hanon,H550,HNN,ANN1111111,1,1,1
harman,H655,HRMN,AMN1111111,herman,H655,HRMN,AMN1111111,1,1,1
hart,H630,HRT,AT11111111,harty,H630,HRT,ATA1111111,1,1,0
hatton,H350,HTN,ATN1111111,hutton,H350,HTN,ATN1111111,1,1,1
hay,H000,H,AA11111111,hey,H000,H,AA11111111,1,1,1
hay,H000,H,AA11111111,hoy,H000,H,AA11111111,1,1,1
healey,H400,HL,ALA1111111,healy,H400,HL,ALA1111111,1,1,1
helleyer,H460,HLYR,ALA1111111,hellyer,H460,HLYR,ALA1111111,1,1,1
henaghan,H525,HNN,ANKN111111,heneghan,H525,HNN,ANKN111111,1,1,1
hinde,H530,HNT,ANT1111111,hunt,H530,HNT,ANT1111111,1,1,1
hobcraft,H126,HBKRFT,APKRFT1111,hobcroft,H126,HBKRFT,APKRFT1111,1,1,1
hocking,H252,HKNK,AKNK111111,hoeking,H252,HKNK,AKNK111111,1,1,1
holander,H453,HLNTR,ALNTA11111,hollander,H453,HLNTR,ALNTA11111,1,1,1
holdgate,H432,HLTKT,AKT1111111,holgate,H423,HLKT,AKT1111111,0,0,1
home,H500,HM,AM11111111,hume,H500,HM,AM11111111,1,1,1
horn,H650,HRN,AN11111111,horne,H650,HRN,AN11111111,1,1,1
howarth,H630,HWR0,AWT1111111,howorth,H630,HWR0,AWT1111111,1,1,1
howe,H000,HW,AA11111111,howie,H000,HW,AWA1111111,1,1,0
huddleston,H342,HTLSTN,ATLSTN1111,huddlestone,H342,HTLSTN,ATLSTN1111,1,1,1
hugget,H230,HKT,AKT1111111,huggett,H230,HKT,AKT1111111,1,1,1
hurt,H630,HRT,AT11111111,hutt,H300,HT,AT11111111,0,0,1
hutcheson,H322,HXSN,AKSN111111,hutchison,H322,HXSN,AKSN111111,1,1,1
jacobs,J212,JKBS,YKPS111111,jaicobs,J212,JKBS,YKPS111111,1,1,1
jacobsen,J212,JKBSN,YKPSN11111,jacobson,J212,JKBSN,YKPSN11111,1,1,1
jamieson,J525,JMSN,YMSN111111,jamison,J525,JMSN,YMSN111111,1,1,1
jansen,J525,JNSN,YNSN111111,janson,J525,JNSN,YNSN111111,1,1,1
jardine,J635,JRTN,YTN1111111,jurdine,J635,JRTN,YTN1111111,1,1,1
jeannings,J552,JNNKS,YNNKS11111,jennings,J552,JNNKS,YNNKS11111,1,1,1
jeffery,J160,JFR,YFRA111111,jeffrey,J160,JFR,YFRA111111,1,1,1
jelly,J400,JL,YLA1111111,jolly,J400,JL,YLA1111111,1,1,1
johns,J520,JNS,YNS1111111,jones,J520,JNS,YNS1111111,1,1,1
johnston,J523,JNSTN,YNSTN11111,johnstone,J523,JNSTN,YNSTN11111,1,1,1
kean,K500,KN,KN11111111,keen,K500,KN,KN11111111,1,1,1
keen,K500,KN,KN11111111,kenn,K500,KN,KN11111111,1,1,1
keennelly,K540,KNL,KNLA111111,kennealy,K540,KNL,KNLA111111,1,1,1
kellan,K450,KLN,KLN1111111,killin,K450,KLN,KLN1111111,1,1,1
kennard,K563,KNRT,KNT1111111,kennedy,K530,KNT,KNTA111111,0,0,0
kirk,K620,KRK,KK11111111,kirke,K620,KRK,KK11111111,1,1,1
kirkaldie,K624,KRKLT,KKTA111111,kirkcaldie,K624,KRKKLT,KKTA111111,1,0,1
kitchen,K325,KXN,KKN1111111,kitchin,K325,KXN,KKN1111111,1,1,1
kraus,K620,KRS,KRS1111111,krause,K620,KRS,KRS1111111,1,1,1
langham,L525,LNM,LNM1111111,lanham,L550,LNHM,LNM1111111,0,0,1
larson,L625,LRSN,LSN1111111,lawson,L250,LSN,LSN1111111,0,0,1
laughlin,L245,LKLN,LLN1111111,loughlin,L245,LKLN,LLN1111111,1,1,1
laurie,L600,LR,LRA1111111,lawrie,L600,LR,LRA1111111,1,1,1
leary,L600,LR,LRA1111111,leery,L600,LR,LRA1111111,1,1,1
leech,L200,LX,LK11111111,leitch,L320,LX,LK11111111,0,1,1
lemin,L550,LMN,LMN1111111,lemon,L550,LMN,LMN1111111,1,1,1
lenihan,L550,LNHN,LNN1111111,lennon,L550,LNN,LNN1111111,1,0,1
leyden,L350,LTN,LTN1111111,leydon,L350,LTN,LTN1111111,1,1,1
list,L230,LST,LST1111111,lister,L236,LSTR,LSTA111111,0,0,0
livingston,L152,LFNKSTN,LFNKSTN111,livingstone,L152,LFNKSTN,LFNKSTN111,1,1,1
lochhead,L230,LXT,LKT1111111,lockhead,L230,LKHT,LKT1111111,1,0,1
macallum,M245,MKLM,MKLM111111,mccallum,M245,MKLM,MKLM111111,1,1,1
macaskill,M224,MKSKL,MKSKA11111,mccaskill,M224,MKSKL,MKSKA11111,1,1,1
macaulay,M240,MKL,MKLA111111,macauley,M240,MKL,MKLA111111,1,1,1
macbeath,M213,MKB0,MKPT111111,mcbeath,M213,MKB0,MKPT111111,1,1,1
macdonald,M235,MKTNLT,MKTNT11111,mcdonald,M235,MKTNLT,MKTNT11111,1,1,1
maceewan,M250,MSWN,MSWN111111,macewan,M250,MSWN,MSWN111111,1,1,1
macfarlane,M216,MKFRLN,MKFLN11111,mcfarlane,M216,MKFRLN,MKFLN11111,1,1,1
macintosh,M253,MSNTX,MSNTS11111,mcintosh,M253,MSNTX,MSNTS11111,1,1,1
mackechnie,M225,MKXN,MKKNA11111,mckechnie,M225,MKXN,MKKNA11111,1,1,1
mackenzie,M252,MKNS,MKNSA11111,mckenzie,M252,MKNS,MKNSA11111,1,1,1
mackersey,M262,MKRS,MKSA111111,mackersy,M262,MKRS,MKSA111111,1,1,1
maclean,M245,MKLN,MKLN111111,mclean,M245,MKLN,MKLN111111,1,1,1
macnee,M250,MKN,MKNA111111,mcnee,M250,MKN,MKNA111111,1,1,1
macpherson,M216,MKFRSN,MKFSN11111,mcpherson,M216,MKFRSN,MKFSN11111,1,1,1
main,M500,MN,MN11111111,mann,M500,MN,MN11111111,1,1,1
maley,M400,ML,MLA1111111,millea,M400,ML,MLA1111111,1,1,1
malladew,M430,MLT,MLTA111111,melladew,M430,MLT,MLTA111111,1,1,1
maloney,M450,MLN,MLNA111111,moloney,M450,MLN,MLNA111111,1,1,1
marchant,M625,MRXNT,MKNT111111,merchant,M625,MRXNT,MKNT111111,1,1,1
marett,M630,MRT,MRT1111111,marrett,M630,MRT,MRT1111111,1,1,1
mason,M250,MSN,MSN1111111,mawson,M250,MSN,MSN1111111,1,1,1
matheson,M325,M0SN,MTSN111111,mathieson,M325,M0SN,MTSN111111,1,1,1
mattingle,M352,MTNKL,MTNKA11111,mattingly,M352,MTNKL,MTNKLA1111,1,1,0
mcaulay,M240,MKL,MKLA111111,mcauley,M240,MKL,MKLA111111,1,1,1
mcauley,M240,MKL,MKLA111111,mckellar,M246,MKLR,MKLA111111,0,0,1
mcauliff,M241,MKLF,MKLF111111,mcauliffe,M241,MKLF,MKLF111111,1,1,1
mccarthy,M263,MKR0,MKTA111111,mccarty,M263,MKRT,MKTA111111,1,0,1
mccay,M200,MK,MKA1111111,mckay,M200,MK,MKA1111111,1,1,1
mcclintock,M245,MKLNTK,MKLNTK1111,mclintock,M245,MKLNTK,MKLNTK1111,1,1,1
mccluskey,M242,MKLSK,MKLSKA1111,mcclusky,M242,MKLSK,MKLSKA1111,1,1,1
mccormack,M265,MKRMK,MKMK111111,mccormacl,M265,MKRMKL,MKMKA11111,1,0,0
mccrorie,M266,MKRR,MKRRA11111,mccrory,M266,MKRR,MKRRA11111,1,1,1
mccrossan,M262,MKRSN,MKRSN11111,mccrossin,M262,MKRSN,MKRSN11111,1,1,1
mcdermott,M236,MKTRMT,MKTMT11111,mcdiarmid,M236,MKTRMT,MKTMT11111,1,1,1
mcdonell,M235,MKTNL,MKTNA11111,mcdonnell,M235,MKTNL,MKTNA11111,1,1,1
mcdowall,M234,MKTWL,MKTWA11111,mcdowell,M234,MKTWL,MKTWA11111,1,1,1
mcewan,M250,MSWN,MSWN111111,mcewen,M250,MSWN,MSWN111111,1,1,1
mcfaull,M214,MKFL,MKFA111111,mcphail,M214,MKFL,MKFA111111,1,1,1
mcgill,M240,MKJL,MKA1111111,mckay,M200,MK,MKA1111111,0,0,1
mciintyre,M253,MSNTR,MSNTA11111,mcintyre,M253,MSNTR,MSNTA11111,1,1,1
mciver,M216,MSFR,MSFA111111,mcivor,M216,MSFR,MSFA111111,1,1,1
mckay,M200,MK,MKA1111111,mckey,M200,MK,MKA1111111,1,1,1
mckechnie,M225,MKXN,MKKNA11111,mckecknie,M225,MKKN,MKKNA11111,1,0,1
mckenzie,M252,MKNS,MKNSA11111,mokenzie,M252,MKNS,MKNSA11111,1,1,1
mcketterick,M236,MKTRK,MKTRK11111,mckitterick,M236,MKTRK,MKTRK11111,1,1,1
mckinlay,M254,MKNL,MKNLA11111,mckinley,M254,MKNL,MKNLA11111,1,1,1
mclachlan,M242,MKLXLN,MKLKLN1111,mclauchlan,M242,MKLXLN,MKLKLN1111,1,1,1
mclauchlan,M242,MKLXLN,MKLKLN1111,mclauchlin,M242,MKLXLN,MKLKLN1111,1,1,1
mclaughlan,M242,MKLKLN,MKLLN11111,mclaughlin,M242,MKLKLN,MKLLN11111,1,1,1
mclaughlan,M242,MKLKLN,MKLLN11111,mclellan,M244,MKLLN,MKLLN11111,0,0,1
mclaughlan,M242,MKLKLN,MKLLN11111,mcloughlin,M242,MKLKLN,MKLLN11111,1,1,1
mcledd,M243,MKLT,MKLT111111,mcleod,M243,MKLT,MKLT111111,1,1,1
mcledowne,M243,MKLTN,MKLTN11111,mcledowney,M243,MKLTN,MKLTNA1111,1,1,0
mcleod,M243,MKLT,MKLT111111,mcloud,M243,MKLT,MKLT111111,1,1,1
mcmillan,M254,MKMLN,MKMLN11111,mcmullan,M254,MKMLN,MKMLN11111,1,1,1
mcmillan,M254,MKMLN,MKMLN11111,mcmullen,M254,MKMLN,MKMLN11111,1,1,1
mcnair,M256,MKNR,MKNA111111,mcnie,M250,MKN,MKNA111111,0,0,1
mcnalty,M254,MKNLT,MKNTA11111,mcnatty,M253,MKNT,MKNTA11111,0,0,1
mcneil,M254,MKNL,MKNA111111,mcneill,M254,MKNL,MKNA111111,1,1,1
mcnicol,M252,MKNKL,MKNKA11111,mcnicoll,M252,MKNKL,MKNKA11111,1,1,1
mcphee,M210,MKF,MKFA111111,mcvie,M210,MKF,MKFA111111,1,1,1
mcsweeney,M250,MKSWN,MKSWNA1111,mcsweeny,M250,MKSWN,MKSWNA1111,1,1,1
mctague,M232,MKTK,MKTKA11111,mctigue,M232,MKTK,MKTKA11111,1,1,1
mcvicar,M212,MKFKR,MKFKA11111,mcvickar,M212,MKFKR,MKFKA11111,1,1,1
mead,M300,MT,MT11111111,meade,M300,MT,MT11111111,1,1,1
meade,M300,MT,MT11111111,meder,M360,MTR,MTA1111111,0,0,0
meekin,M250,MKN,MKN1111111,meighan,M250,MN,MKN1111111,1,0,1
metcalf,M324,MTKLF,MTKF111111,metcalfe,M324,MTKLF,MTKF111111,1,1,1
millar,M460,MLR,MLA1111111,miller,M460,MLR,MLA1111111,1,1,1
miller,M460,MLR,MLA1111111,millie,M400,ML,MLA1111111,0,0,1
moffat,M130,MFT,MFT1111111,moffitt,M130,MFT,MFT1111111,1,1,1
moirison,M625,MRSN,MRSN111111,morrison,M625,MRSN,MRSN111111,1,1,1
moloney,M450,MLN,MLNA111111,molonoy,M450,MLN,MLNA111111,1,1,1
monaghan,M525,MNN,MNKN111111,monagon,M525,MNKN,MNKN111111,1,0,1
moodie,M300,MT,MTA1111111,moody,M300,MT,MTA1111111,1,1,1
morell,M640,MRL,MRA1111111,morrell,M640,MRL,MRA1111111,1,1,1
morice,M620,MRS,MRK1111111,morris,M620,MRS,MRS1111111,1,1,0
morrisey,M620,MRS,MRSA111111,morrissey,M620,MRS,MRSA111111,1,1,1
muiorhead,M630,MRHT,MT11111111,muirhead,M630,MRHT,MT11111111,1,1,1
mulch,M420,MLX,MK11111111,mutch,M320,MX,MK11111111,0,0,1
mulholland,M445,MLHLNT,MLNT111111,mullholland,M445,MLHLNT,MLNT111111,1,1,1
mullay,M400,ML,MLA1111111,mulloy,M400,ML,MLA1111111,1,1,1
mulqueen,M425,MLKN,MKN1111111,mulquin,M425,MLKN,MKN1111111,1,1,1
murdoch,M632,MRTX,MTK1111111,murdock,M632,MRTK,MTK1111111,1,0,1
naughton,N235,NKTN,NTN1111111,norton,N635,NRTN,NTN1111111,0,0,1
naumann,N550,NMN,NMN1111111,neumann,N550,NMN,NMN1111111,1,1,1
neason,N250,NSN,NSN1111111,nelson,N425,NLSN,NSN1111111,0,0,1
nelsion,N425,NLXN,NSN1111111,nelson,N425,NLSN,NSN1111111,1,0,1
nesbitt,N213,NSBT,NSPT111111,nisbet,N213,NSBT,NSPT111111,1,1,1
newall,N400,NWL,NWA1111111,newell,N400,NWL,NWA1111111,1,1,1
newlands,N453,NLNTS,NLNTS11111,nowlands,N453,NLNTS,NLNTS11111,1,1,1
neylan,N450,NLN,NLN1111111,neylon,N450,NLN,NLN1111111,1,1,1
nichol,N240,NXL,NKA1111111,nicol,N240,NKL,NKA1111111,1,0,1
nicol,N240,NKL,NKA1111111,nicoll,N240,NKL,NKA1111111,1,1,1
o'brian,O165,OBRN,APRN111111,o'brien,O165,OBRN,APRN111111,1,1,1
o'connell,O254,OKNL,AKNA111111,o'connor,O256,OKNR,AKNA111111,0,0,1
o'keefe,O210,OKF,AKF1111111,o'keeffe,O210,OKF,AKF1111111,1,1,1
ockwell,O240,OKWL,AKWA111111,ocwell,O240,OKWL,AKWA111111,1,1,1
odham,O350,OTHM,ATM1111111,oldham,O435,OLTHM,ATM1111111,0,0,1
ogilvie,O241,OJLF,AKFA111111,ogivie,O210,OJF,AKFA111111,0,0,1
olsen,O425,OLSN,ASN1111111,olsien,O425,OLSN,ASN1111111,1,1,1
osmand,O255,OSMNT,ASMNT11111,osmond,O255,OSMNT,ASMNT11111,1,1,1
page,P200,PJ,PK11111111,pegg,P200,PK,PK11111111,1,0,1
paine,P500,PN,PN11111111,payne,P500,PN,PN11111111,1,1,1
pasco,P200,PSK,PSKA111111,pascoe,P200,PSK,PSKA111111,1,1,1
paterson,P362,PTRSN,PTSN111111,petersen,P362,PTRSN,PTSN111111,1,1,1
paterson,P362,PTRSN,PTSN111111,patterson,P362,PTRSN,PTSN111111,1,1,1
paterson,P362,PTRSN,PTSN111111,peterson,P362,PTRSN,PTSN111111,1,1,1
patrick,P362,PTRK,PTRK111111,pattrick,P362,PTRK,PTRK111111,1,1,1
pattison,P325,PTSN,PTSN111111,peterson,P362,PTRSN,PTSN111111,0,0,1
peace,P200,PS,PK11111111,pearce,P620,PRS,PK11111111,0,0,1
peebles,P142,PBLS,PPLS111111,peoples,P142,PPLS,PPLS111111,1,0,1
pepperell,P164,PPRL,PPRA111111,pepperill,P164,PPRL,PPRA111111,1,1,1
pepperell,P164,PPRL,PPRA111111,popperell,P164,PPRL,PPRA111111,1,1,1
petersen,P362,PTRSN,PTSN111111,peterson,P362,PTRSN,PTSN111111,1,1,1
phimester,P523,FMSTR,FMSTA11111,phimister,P523,FMSTR,FMSTA11111,1,1,1
picket,P230,PKT,PKT1111111,pickett,P230,PKT,PKT1111111,1,1,1
pickles,P242,PKLS,PKLS111111,picklis,P242,PKLS,PKLS111111,1,1,1
pollock,P420,PLK,PLK1111111,polloek,P420,PLK,PLK1111111,1,1,1
polwarth,P463,PLWR0,PWT1111111,polworth,P463,PLWR0,PWT1111111,1,1,1
powell,P400,PWL,PWA1111111,power,P600,PWR,PWA1111111,0,0,1
preston,P623,PRSTN,PRSTN11111,priston,P623,PRSTN,PRSTN11111,1,1,1
procter,P623,PRKTR,PRKTA11111,proctor,P623,PRKTR,PRKTA11111,1,1,1
pullar,P460,PLR,PLA1111111,puller,P460,PLR,PLA1111111,1,1,1
rae,R000,R,RA11111111,ray,R000,R,RA11111111,1,1,1
ramsay,R520,RMS,RMSA111111,ramsey,R520,RMS,RMSA111111,1,1,1
redder,R360,RTR,RTA1111111,reider,R360,RTR,RTA1111111,1,1,1
reed,R300,RT,RT11111111,reid,R300,RT,RT11111111,1,1,1
reidle,R340,RTL,RTA1111111,riedle,R340,RTL,RTA1111111,1,1,1
rendel,R534,RNTL,RNTA111111,render,R536,RNTR,RNTA111111,0,0,1
renfree,R516,RNFR,RNFRA11111,renfrew,R516,RNFR,RNFRA11111,1,1,1
riddoch,R320,RTX,RTK1111111,riddock,R320,RTK,RTK1111111,1,0,1
riley,R400,RL,RLA1111111,rilly,R400,RL,RLA1111111,1,1,1
robertsan,R163,RBRTSN,RPTSN11111,robertson,R163,RBRTSN,RPTSN11111,1,1,1
rodgers,R326,RJRS,RKS1111111,rogers,R262,RJRS,RKS1111111,0,1,1
rodgerson,R326,RJRSN,RKSN111111,rogerson,R262,RJRSN,RKSN111111,0,1,1
rorley,R640,RRL,RLA1111111,rowley,R400,RL,RLA1111111,0,0,1
rose,R200,RS,RS11111111,ross,R200,RS,RS11111111,1,1,1
rosenbrock,R251,RSNBRK,RSNPRK1111,rosenbrook,R251,RSNBRK,RSNPRK1111,1,1,1
ross,R200,RS,RS11111111,russell,R240,RSL,RSA1111111,0,0,0
routledge,R343,RTLJ,RTLK111111,routlege,R342,RTLJ,RTLK111111,0,1,1
sanders,S536,SNTRS,SNTS111111,sandes,S532,SNTS,SNTS111111,0,0,1
sanders,S536,SNTRS,SNTS111111,saunders,S536,SNTRS,SNTS111111,1,1,1
sandrey,S536,SNTR,SNTRA11111,sandry,S536,SNTR,SNTRA11111,1,1,1
saxton,S235,SKSTN,SKTN111111,sexton,S235,SKSTN,SKTN111111,1,1,1
scaife,S100,SKF,SKF1111111,scarfe,S610,SKRF,SKF1111111,0,0,1
scanlan,S545,SKNLN,SKNLN11111,scanlon,S545,SKNLN,SKNLN11111,1,1,1
scoffeld,S143,SKFLT,SKFT111111,scofield,S143,SKFLT,SKFT111111,1,1,1
seamer,S560,SMR,SMA1111111,seymour,S560,SMR,SMA1111111,1,1,1
sellar,S460,SLR,SLA1111111,seller,S460,SLR,SLA1111111,1,1,1
sharp,S610,XRP,SP11111111,sharpe,S610,XRP,SP11111111,1,1,1
shaw,S000,X,SA11111111,shea,S000,X,SA11111111,1,1,1
shephard,S163,XFRT,SFT1111111,shepherd,S163,XFRT,SFT1111111,1,1,1
sheppard,S163,XPRT,SPT1111111,shepperd,S163,XPRT,SPT1111111,1,1,1
sheriff,S610,XRF,SRF1111111,sherriff,S610,XRF,SRF1111111,1,1,1
sidey,S300,ST,STA1111111,sidoy,S300,ST,STA1111111,1,1,1
silvertsen,S416,SLFRTSN,SFTSN11111,sivertsen,S163,SFRTSN,SFTSN11111,0,0,1
sincock,S522,SNKK,SNKK111111,sincok,S522,SNKK,SNKK111111,1,1,1
skeene,S500,SKN,SKN1111111,skene,S500,SKN,SKN1111111,1,1,1
slowley,S440,SLL,SLLA111111,slowly,S440,SLL,SLLA111111,1,1,1
smith,S530,SM0,SMT1111111,smyth,S530,SM0,SMT1111111,1,1,1
smith,S530,SM0,SMT1111111,smythe,S530,SM0,SMT1111111,1,1,1
spence,S152,SPNS,SPNK111111,spencer,S152,SPNSR,SPNSA11111,1,0,0
steadman,S335,STTMN,STTMN11111,stedman,S335,STTMN,STTMN11111,1,1,1
stenhouse,S352,STNHS,STNS111111,stennouse,S352,STNS,STNS111111,1,0,1
stephenson,S315,STFNSN,STFNSN1111,stevenson,S315,STFNSN,STFNSN1111,1,1,1
stichmann,S325,STXMN,STKMN11111,stickman,S325,STKMN,STKMN11111,1,0,1
stock,S320,STK,STK1111111,stook,S320,STK,STK1111111,1,1,1
strang,S365,STRNK,STRNK11111,strong,S365,STRNK,STRNK11111,1,1,1
summerell,S564,SMRL,SMRA111111,wallace,W420,WLS,WLK1111111,0,0,0
taverner,T165,TFRNR,TFNA111111,tiverner,T165,TFRNR,TFNA111111,1,1,1
tillie,T400,TL,TLA1111111,turley,T640,TRL,TLA1111111,0,0,1
tonar,T560,TNR,TNA1111111,toner,T560,TNR,TNA1111111,1,1,1
toner,T560,TNR,TNA1111111,tonner,T560,TNR,TNA1111111,1,1,1
tonner,T560,TNR,TNA1111111,tonnor,T560,TNR,TNA1111111,1,1,1
townsend,T525,TNSNT,TNSNT11111,townshend,T525,TNXNT,TNSNT11111,1,0,1
treeweek,T620,TRWK,TRWK111111,trewick,T620,TRWK,TRWK111111,1,1,1
tregoning,T625,TRKNNK,TRKNNK1111,tregonning,T625,TRKNNK,TRKNNK1111,1,1,1
trevena,T615,TRFN,TRFNA11111,trevenna,T615,TRFN,TRFNA11111,1,1,1
vintinner,V535,FNTNR,FNTNA11111,vintinuer,V535,FNTNR,FNTNA11111,1,1,1
wackeldine,W243,WKLTN,WKTN111111,wackilden,W243,WKLTN,WKTN111111,1,1,1
wackeldine,W243,WKLTN,WKTN111111,wackildene,W243,WKLTN,WKTN111111,1,1,1
waghorne,W265,WRN,WKN1111111,waghornee,W265,WRN,WKNA111111,1,1,0
wallace,W420,WLS,WLK1111111,willis,W420,WLS,WLS1111111,1,1,0
wallin,W450,WLN,WLN1111111,willon,W450,WLN,WLN1111111,1,1,1
walquest,W422,WLKST,WKST111111,walquist,W422,WLKST,WKST111111,1,1,1
walsh,W420,WLX,WS11111111,welsh,W420,WLX,WS11111111,1,1,1
warreil,W640,WRL,WRA1111111,warrell,W640,WRL,WRA1111111,1,1,1
watsan,W325,WTSN,WTSN111111,watson,W325,WTSN,WTSN111111,1,1,1
welbourn,W416,WLBRN,WPN1111111,wellbourn,W416,WLBRN,WPN1111111,1,1,1
weldon,W435,WLTN,WTN1111111,wilden,W435,WLTN,WTN1111111,1,1,1
wells,W420,WLS,WS11111111,wills,W420,WLS,WS11111111,1,1,1
welsh,W420,WLX,WS11111111,wills,W420,WLS,WS11111111,1,0,1
wheelan,W450,WLN,WLN1111111,wheeler,W460,WLR,WLA1111111,0,0,0
wheelan,W450,WLN,WLN1111111,whelan,W450,WLN,WLN1111111,1,1,1
white,W300,WT,WT11111111,whyte,W300,T,WT11111111,1,0,1
wilden,W435,WLTN,WTN1111111,wilton,W435,WLTN,WTN1111111,1,1,1
wildey,W430,WLT,WTA1111111,wildoy,W430,WLT,WTA1111111,1,1,1
willson,W425,WLSN,WSN1111111,wilson,W425,WLSN,WSN1111111,1,1,1
winders,W536,WNTRS,WNTS111111,windus,W532,WNTS,WNTS111111,0,0,1
wine,W500,WN,WN11111111,winn,W500,WN,WN11111111,1,1,1
wooton,W350,WTN,WTN1111111,wootton,W350,WTN,WTN1111111,1,1,1
wootten,W350,WTN,WTN1111111,wootton,W350,WTN,WTN1111111,1,1,1
wraight,W623,RKT,RT11111111,wright,W623,RKT,RT11111111,1,1,1
